Category,ComponentName,ComponentLicense,ConflictingComponentName,ConflictingComponentLicense,ConflictingLicenseTerm,TermValue,ConflictingTermValue,TermDescription,ConflictingTermDescription
LEGAL,ActFramework Starter - Ebean and multiple plugins 1.7.1.0,Apache License 2.0,ActFramework Starter - EclipseLink and AAA 1.7.1.0,GNU Affero General Public License v3.0,Sub-License,PERMITTED,FORBIDDEN,You may provide the software or modifications to the software under a different license,You may not provide this software or modifications under a different license
LEGAL,ActFramework Starter - Ebean and multiple plugins 1.7.1.0,Apache License 2.0,ActiveMQ JUnit Utilities 1.0.2,[base] BSD 2.0 (base license),Place Additional Restrictions,PERMITTED,FORBIDDEN,You intend to place additional restrictions,You are not entitled to place additional restrictions
LEGAL,ActFramework Starter - Ebean and multiple plugins 1.7.1.0,Apache License 2.0,AOP Alliance (Java/J2EE AOP standard) 1.0,Public Domain,Place Additional Restrictions,PERMITTED,FORBIDDEN,You intend to place additional restrictions,You are not entitled to place additional restrictions
LEGAL,ActFramework Starter - Ebean and multiple plugins 1.7.1.0,Apache License 2.0,avro4s-json 1.8.3,MIT License,Place Additional Restrictions,PERMITTED,FORBIDDEN,You intend to place additional restrictions,You are not entitled to place additional restrictions
LEGAL,ActFramework Starter - Ebean and multiple plugins 1.7.1.0,Apache License 2.0,GroupBy - API - Java - Flux 2.5.33,MIT License,Place Additional Restrictions,PERMITTED,FORBIDDEN,You intend to place additional restrictions,You are not entitled to place additional restrictions
LEGAL,ActFramework Starter - Ebean and multiple plugins 1.7.1.0,Apache License 2.0,GroupBy - API - Java - Flux 2.5.34,MIT License,Place Additional Restrictions,PERMITTED,FORBIDDEN,You intend to place additional restrictions,You are not entitled to place additional restrictions
LEGAL,ActFramework Starter - Ebean and multiple plugins 1.7.1.0,Apache License 2.0,LightJason AgentSpeak(L++) 0.0.1,GNU Lesser General Public License v3.0 or later,Sub-License,PERMITTED,FORBIDDEN,You may provide the software or modifications to the software under a different license,You may not provide this software or modifications under a different license
LEGAL,ActFramework Starter - Ebean2 and AAA 1.7.0.0,Apache License 2.0,ActFramework Starter - EclipseLink and AAA 1.7.1.0,GNU Affero General Public License v3.0,Sub-License,PERMITTED,FORBIDDEN,You may provide the software or modifications to the software under a different license,You may not provide this software or modifications under a different license
LEGAL,ActFramework Starter - Ebean2 and AAA 1.7.0.0,Apache License 2.0,ActiveMQ JUnit Utilities 1.0.2,[base] BSD 2.0 (base license),Place Additional Restrictions,PERMITTED,FORBIDDEN,You intend to place additional restrictions,You are not entitled to place additional restrictions
LEGAL,ActFramework Starter - Ebean2 and AAA 1.7.0.0,Apache License 2.0,AOP Alliance (Java/J2EE AOP standard) 1.0,Public Domain,Place Additional Restrictions,PERMITTED,FORBIDDEN,You intend to place additional restrictions,You are not entitled to place additional restrictions
LEGAL,ActFramework Starter - Ebean2 and AAA 1.7.0.0,Apache License 2.0,avro4s-json 1.8.3,MIT License,Place Additional Restrictions,PERMITTED,FORBIDDEN,You intend to place additional restrictions,You are not entitled to place additional restrictions
LEGAL,ActFramework Starter - Ebean2 and AAA 1.7.0.0,Apache License 2.0,GroupBy - API - Java - Flux 2.5.33,MIT License,Place Additional Restrictions,PERMITTED,FORBIDDEN,You intend to place additional restrictions,You are not entitled to place additional restrictions
LEGAL,ActFramework Starter - Ebean2 and AAA 1.7.0.0,Apache License 2.0,GroupBy - API - Java - Flux 2.5.34,MIT License,Place Additional Restrictions,PERMITTED,FORBIDDEN,You intend to place additional restrictions,You are not entitled to place additional restrictions
LEGAL,ActFramework Starter - Ebean2 and AAA 1.7.0.0,Apache License 2.0,LightJason AgentSpeak(L++) 0.0.1,GNU Lesser General Public License v3.0 or later,Sub-License,PERMITTED,FORBIDDEN,You may provide the software or modifications to the software under a different license,You may not provide this software or modifications under a different license
LEGAL,ActFramework Starter - Ebean2 and multiple plugins 1.7.0.0,Apache License 2.0,ActFramework Starter - EclipseLink and AAA 1.7.1.0,GNU Affero General Public License v3.0,Sub-License,PERMITTED,FORBIDDEN,You may provide the software or modifications to the software under a different license,You may not provide this software or modifications under a different license
LEGAL,ActFramework Starter - Ebean2 and multiple plugins 1.7.0.0,Apache License 2.0,ActiveMQ JUnit Utilities 1.0.2,[base] BSD 2.0 (base license),Place Additional Restrictions,PERMITTED,FORBIDDEN,You intend to place additional restrictions,You are not entitled to place additional restrictions
LEGAL,ActFramework Starter - Ebean2 and multiple plugins 1.7.0.0,Apache License 2.0,AOP Alliance (Java/J2EE AOP standard) 1.0,Public Domain,Place Additional Restrictions,PERMITTED,FORBIDDEN,You intend to place additional restrictions,You are not entitled to place additional restrictions
LEGAL,ActFramework Starter - Ebean2 and multiple plugins 1.7.0.0,Apache License 2.0,avro4s-json 1.8.3,MIT License,Place Additional Restrictions,PERMITTED,FORBIDDEN,You intend to place additional restrictions,You are not entitled to place additional restrictions
LEGAL,ActFramework Starter - Ebean2 and multiple plugins 1.7.0.0,Apache License 2.0,GroupBy - API - Java - Flux 2.5.33,MIT License,Place Additional Restrictions,PERMITTED,FORBIDDEN,You intend to place additional restrictions,You are not entitled to place additional restrictions
LEGAL,ActFramework Starter - Ebean2 and multiple plugins 1.7.0.0,Apache License 2.0,GroupBy - API - Java - Flux 2.5.34,MIT License,Place Additional Restrictions,PERMITTED,FORBIDDEN,You intend to place additional restrictions,You are not entitled to place additional restrictions
LEGAL,ActFramework Starter - Ebean2 and multiple plugins 1.7.0.0,Apache License 2.0,LightJason AgentSpeak(L++) 0.0.1,GNU Lesser General Public License v3.0 or later,Sub-License,PERMITTED,FORBIDDEN,You may provide the software or modifications to the software under a different license,You may not provide this software or modifications under a different license
LEGAL,ActFramework Starter - Ebean2 and multiple plugins 1.7.1.0,Apache License 2.0,ActFramework Starter - EclipseLink and AAA 1.7.1.0,GNU Affero General Public License v3.0,Sub-License,PERMITTED,FORBIDDEN,You may provide the software or modifications to the software under a different license,You may not provide this software or modifications under a different license
LEGAL,ActFramework Starter - Ebean2 and multiple plugins 1.7.1.0,Apache License 2.0,ActiveMQ JUnit Utilities 1.0.2,[base] BSD 2.0 (base license),Place Additional Restrictions,PERMITTED,FORBIDDEN,You intend to place additional restrictions,You are not entitled to place additional restrictions
LEGAL,ActFramework Starter - Ebean2 and multiple plugins 1.7.1.0,Apache License 2.0,AOP Alliance (Java/J2EE AOP standard) 1.0,Public Domain,Place Additional Restrictions,PERMITTED,FORBIDDEN,You intend to place additional restrictions,You are not entitled to place additional restrictions
LEGAL,ActFramework Starter - Ebean2 and multiple plugins 1.7.1.0,Apache License 2.0,avro4s-json 1.8.3,MIT License,Place Additional Restrictions,PERMITTED,FORBIDDEN,You intend to place additional restrictions,You are not entitled to place additional restrictions
LEGAL,ActFramework Starter - Ebean2 and multiple plugins 1.7.1.0,Apache License 2.0,GroupBy - API - Java - Flux 2.5.33,MIT License,Place Additional Restrictions,PERMITTED,FORBIDDEN,You intend to place additional restrictions,You are not entitled to place additional restrictions
LEGAL,ActFramework Starter - Ebean2 and multiple plugins 1.7.1.0,Apache License 2.0,GroupBy - API - Java - Flux 2.5.34,MIT License,Place Additional Restrictions,PERMITTED,FORBIDDEN,You intend to place additional restrictions,You are not entitled to place additional restrictions
LEGAL,ActFramework Starter - Ebean2 and multiple plugins 1.7.1.0,Apache License 2.0,LightJason AgentSpeak(L++) 0.0.1,GNU Lesser General Public License v3.0 or later,Sub-License,PERMITTED,FORBIDDEN,You may provide the software or modifications to the software under a different license,You may not provide this software or modifications under a different license
LEGAL,ActFramework Starter - EclipseLink and AAA 1.7.1.0,GNU Affero General Public License v3.0,ActFramework Starter - Eclipselink and multiple plugins 1.7.0.0,Apache License 2.0,Sub-License,FORBIDDEN,PERMITTED,You may not provide this software or modifications under a different license,You may provide the software or modifications to the software under a different license
LEGAL,ActFramework Starter - EclipseLink and AAA 1.7.1.0,GNU Affero General Public License v3.0,ActFramework Starter - Excel 1.7.0.0,Apache License 2.0,Sub-License,FORBIDDEN,PERMITTED,You may not provide this software or modifications under a different license,You may provide the software or modifications to the software under a different license
LEGAL,ActFramework Starter - EclipseLink and AAA 1.7.1.0,GNU Affero General Public License v3.0,ActFramework Starter - Excel 1.7.1.0,Apache License 2.0,Sub-License,FORBIDDEN,PERMITTED,You may not provide this software or modifications under a different license,You may provide the software or modifications to the software under a different license
LEGAL,ActFramework Starter - EclipseLink and AAA 1.7.1.0,GNU Affero General Public License v3.0,ActFramework Starter - Velocity 1.7.1.0,Apache License 2.0,Sub-License,FORBIDDEN,PERMITTED,You may not provide this software or modifications under a different license,You may provide the software or modifications to the software under a different license
LEGAL,ActFramework Starter - EclipseLink and AAA 1.7.1.0,GNU Affero General Public License v3.0,agent-bond-agent 1.2.0,Apache License 2.0,Sub-License,FORBIDDEN,PERMITTED,You may not provide this software or modifications under a different license,You may provide the software or modifications to the software under a different license
LEGAL,ActFramework Starter - EclipseLink and AAA 1.7.1.0,GNU Affero General Public License v3.0,agent-bond-core 1.2.0,Apache License 2.0,Sub-License,FORBIDDEN,PERMITTED,You may not provide this software or modifications under a different license,You may provide the software or modifications to the software under a different license
LEGAL,ActFramework Starter - EclipseLink and AAA 1.7.1.0,GNU Affero General Public License v3.0,agent-bond-jmx_exporter 1.2.0,Apache License 2.0,Sub-License,FORBIDDEN,PERMITTED,You may not provide this software or modifications under a different license,You may provide the software or modifications to the software under a different license
LEGAL,ActFramework Starter - EclipseLink and AAA 1.7.1.0,GNU Affero General Public License v3.0,agent-bond-jolokia 1.2.0,Apache License 2.0,Sub-License,FORBIDDEN,PERMITTED,You may not provide this software or modifications under a different license,You may provide the software or modifications to the software under a different license
LEGAL,ActFramework Starter - EclipseLink and AAA 1.7.1.0,GNU Affero General Public License v3.0,airframe-config 0.40,Apache License 2.0,Sub-License,FORBIDDEN,PERMITTED,You may not provide this software or modifications under a different license,You may provide the software or modifications to the software under a different license
LEGAL,ActFramework Starter - EclipseLink and AAA 1.7.1.0,GNU Affero General Public License v3.0,airframe-config 0.41,Apache License 2.0,Sub-License,FORBIDDEN,PERMITTED,You may not provide this software or modifications under a different license,You may provide the software or modifications to the software under a different license
LEGAL,ActFramework Starter - EclipseLink and AAA 1.7.1.0,GNU Affero General Public License v3.0,airframe-jmx 0.40,Apache License 2.0,Sub-License,FORBIDDEN,PERMITTED,You may not provide this software or modifications under a different license,You may provide the software or modifications to the software under a different license
LEGAL,ActFramework Starter - EclipseLink and AAA 1.7.1.0,GNU Affero General Public License v3.0,airframe-jmx 0.41,Apache License 2.0,Sub-License,FORBIDDEN,PERMITTED,You may not provide this software or modifications under a different license,You may provide the software or modifications to the software under a different license
LEGAL,ActFramework Starter - EclipseLink and AAA 1.7.1.0,GNU Affero General Public License v3.0,Apache ActiveMQ 5.13.5,Apache License 2.0,Sub-License,FORBIDDEN,PERMITTED,You may not provide this software or modifications under a different license,You may provide the software or modifications to the software under a different license
LEGAL,ActFramework Starter - EclipseLink and AAA 1.7.1.0,GNU Affero General Public License v3.0,Apache Extras Companion for log4j 1.2. 1.2.17,Apache License 2.0,Sub-License,FORBIDDEN,PERMITTED,You may not provide this software or modifications under a different license,You may provide the software or modifications to the software under a different license
LEGAL,ActFramework Starter - EclipseLink and AAA 1.7.1.0,GNU Affero General Public License v3.0,Apache jclouds :: Azure :: Compute API 2.1.0,Apache License 2.0,Sub-License,FORBIDDEN,PERMITTED,You may not provide this software or modifications under a different license,You may provide the software or modifications to the software under a different license
LEGAL,ActFramework Starter - EclipseLink and AAA 1.7.1.0,GNU Affero General Public License v3.0,api-capture-info 1.4.0,Apache License 2.0,Sub-License,FORBIDDEN,PERMITTED,You may not provide this software or modifications under a different license,You may provide the software or modifications to the software under a different license
LEGAL,ActFramework Starter - EclipseLink and AAA 1.7.1.0,GNU Affero General Public License v3.0,api-capture-info-schemas 1.4.0,Apache License 2.0,Sub-License,FORBIDDEN,PERMITTED,You may not provide this software or modifications under a different license,You may provide the software or modifications to the software under a different license
LEGAL,ActFramework Starter - EclipseLink and AAA 1.7.1.0,GNU Affero General Public License v3.0,api-capture-playout 1.0.0,Apache License 2.0,Sub-License,FORBIDDEN,PERMITTED,You may not provide this software or modifications under a different license,You may provide the software or modifications to the software under a different license
LEGAL,ActFramework Starter - EclipseLink and AAA 1.7.1.0,GNU Affero General Public License v3.0,api-manager-test 3.0.0-m18,Apache License 2.0,Sub-License,FORBIDDEN,PERMITTED,You may not provide this software or modifications under a different license,You may provide the software or modifications to the software under a different license
LEGAL,ActFramework Starter - EclipseLink and AAA 1.7.1.0,GNU Affero General Public License v3.0,avro4s-json 1.8.3,MIT License,Sub-License,FORBIDDEN,PERMITTED,You may not provide this software or modifications under a different license,You may provide the software or modifications to the software under a different license
LEGAL,ActFramework Starter - EclipseLink and AAA 1.7.1.0,GNU Affero General Public License v3.0,axion-release-plugin 1.9.0,Apache License 2.0,Sub-License,FORBIDDEN,PERMITTED,You may not provide this software or modifications under a different license,You may provide the software or modifications to the software under a different license
LEGAL,ActFramework Starter - EclipseLink and AAA 1.7.1.0,GNU Affero General Public License v3.0,Axon Framework Spring Support 3.1.3,Apache License 2.0,Sub-License,FORBIDDEN,PERMITTED,You may not provide this software or modifications under a different license,You may provide the software or modifications to the software under a different license
LEGAL,ActFramework Starter - EclipseLink and AAA 1.7.1.0,GNU Affero General Public License v3.0,Axon Metrics 3.1.3,Apache License 2.0,Sub-License,FORBIDDEN,PERMITTED,You may not provide this software or modifications under a different license,You may provide the software or modifications to the software under a different license
LEGAL,ActFramework Starter - EclipseLink and AAA 1.7.1.0,GNU Affero General Public License v3.0,axonhub-grpc-proto 1.0-beta3,Apache License 2.0,Sub-License,FORBIDDEN,PERMITTED,You may not provide this software or modifications under a different license,You may provide the software or modifications to the software under a different license
LEGAL,ActFramework Starter - EclipseLink and AAA 1.7.1.0,GNU Affero General Public License v3.0,com.springsource.org.apache.axis 1.4.0,Apache License 2.0,Sub-License,FORBIDDEN,PERMITTED,You may not provide this software or modifications under a different license,You may provide the software or modifications to the software under a different license
LEGAL,ActFramework Starter - EclipseLink and AAA 1.7.1.0,GNU Affero General Public License v3.0,GroupBy - API - Java - Flux 2.5.33,MIT License,Sub-License,FORBIDDEN,PERMITTED,You may not provide this software or modifications under a different license,You may provide the software or modifications to the software under a different license
LEGAL,ActFramework Starter - EclipseLink and AAA 1.7.1.0,GNU Affero General Public License v3.0,GroupBy - API - Java - Flux 2.5.34,MIT License,Sub-License,FORBIDDEN,PERMITTED,You may not provide this software or modifications under a different license,You may provide the software or modifications to the software under a different license
LEGAL,ActFramework Starter - EclipseLink and AAA 1.7.1.0,GNU Affero General Public License v3.0,jolokia-core 1.5.0,Apache License 2.0,Sub-License,FORBIDDEN,PERMITTED,You may not provide this software or modifications under a different license,You may provide the software or modifications to the software under a different license
LEGAL,ActFramework Starter - EclipseLink and AAA 1.7.1.0,GNU Affero General Public License v3.0,jolokia-jvm 1.5.0,Apache License 2.0,Sub-License,FORBIDDEN,PERMITTED,You may not provide this software or modifications under a different license,You may provide the software or modifications to the software under a different license
LEGAL,ActFramework Starter - EclipseLink and AAA 1.7.1.0,GNU Affero General Public License v3.0,json-simple 1.1.1,Apache License 2.0,Sub-License,FORBIDDEN,PERMITTED,You may not provide this software or modifications under a different license,You may provide the software or modifications to the software under a different license
LEGAL,ActFramework Starter - Eclipselink and multiple plugins 1.7.0.0,Apache License 2.0,ActiveMQ JUnit Utilities 1.0.2,[base] BSD 2.0 (base license),Place Additional Restrictions,PERMITTED,FORBIDDEN,You intend to place additional restrictions,You are not entitled to place additional restrictions
LEGAL,ActFramework Starter - Eclipselink and multiple plugins 1.7.0.0,Apache License 2.0,AOP Alliance (Java/J2EE AOP standard) 1.0,Public Domain,Place Additional Restrictions,PERMITTED,FORBIDDEN,You intend to place additional restrictions,You are not entitled to place additional restrictions
LEGAL,ActFramework Starter - Eclipselink and multiple plugins 1.7.0.0,Apache License 2.0,avro4s-json 1.8.3,MIT License,Place Additional Restrictions,PERMITTED,FORBIDDEN,You intend to place additional restrictions,You are not entitled to place additional restrictions
LEGAL,ActFramework Starter - Eclipselink and multiple plugins 1.7.0.0,Apache License 2.0,GroupBy - API - Java - Flux 2.5.33,MIT License,Place Additional Restrictions,PERMITTED,FORBIDDEN,You intend to place additional restrictions,You are not entitled to place additional restrictions
LEGAL,ActFramework Starter - Eclipselink and multiple plugins 1.7.0.0,Apache License 2.0,GroupBy - API - Java - Flux 2.5.34,MIT License,Place Additional Restrictions,PERMITTED,FORBIDDEN,You intend to place additional restrictions,You are not entitled to place additional restrictions
LEGAL,ActFramework Starter - Eclipselink and multiple plugins 1.7.0.0,Apache License 2.0,LightJason AgentSpeak(L++) 0.0.1,GNU Lesser General Public License v3.0 or later,Sub-License,PERMITTED,FORBIDDEN,You may provide the software or modifications to the software under a different license,You may not provide this software or modifications under a different license
LEGAL,ActFramework Starter - Excel 1.7.0.0,Apache License 2.0,ActiveMQ JUnit Utilities 1.0.2,[base] BSD 2.0 (base license),Place Additional Restrictions,PERMITTED,FORBIDDEN,You intend to place additional restrictions,You are not entitled to place additional restrictions
LEGAL,ActFramework Starter - Excel 1.7.0.0,Apache License 2.0,AOP Alliance (Java/J2EE AOP standard) 1.0,Public Domain,Place Additional Restrictions,PERMITTED,FORBIDDEN,You intend to place additional restrictions,You are not entitled to place additional restrictions
LEGAL,ActFramework Starter - Excel 1.7.0.0,Apache License 2.0,avro4s-json 1.8.3,MIT License,Place Additional Restrictions,PERMITTED,FORBIDDEN,You intend to place additional restrictions,You are not entitled to place additional restrictions
LEGAL,ActFramework Starter - Excel 1.7.0.0,Apache License 2.0,GroupBy - API - Java - Flux 2.5.33,MIT License,Place Additional Restrictions,PERMITTED,FORBIDDEN,You intend to place additional restrictions,You are not entitled to place additional restrictions
LEGAL,ActFramework Starter - Excel 1.7.0.0,Apache License 2.0,GroupBy - API - Java - Flux 2.5.34,MIT License,Place Additional Restrictions,PERMITTED,FORBIDDEN,You intend to place additional restrictions,You are not entitled to place additional restrictions
LEGAL,ActFramework Starter - Excel 1.7.0.0,Apache License 2.0,LightJason AgentSpeak(L++) 0.0.1,GNU Lesser General Public License v3.0 or later,Sub-License,PERMITTED,FORBIDDEN,You may provide the software or modifications to the software under a different license,You may not provide this software or modifications under a different license
LEGAL,ActFramework Starter - Excel 1.7.1.0,Apache License 2.0,ActiveMQ JUnit Utilities 1.0.2,[base] BSD 2.0 (base license),Place Additional Restrictions,PERMITTED,FORBIDDEN,You intend to place additional restrictions,You are not entitled to place additional restrictions
LEGAL,ActFramework Starter - Excel 1.7.1.0,Apache License 2.0,AOP Alliance (Java/J2EE AOP standard) 1.0,Public Domain,Place Additional Restrictions,PERMITTED,FORBIDDEN,You intend to place additional restrictions,You are not entitled to place additional restrictions
LEGAL,ActFramework Starter - Excel 1.7.1.0,Apache License 2.0,avro4s-json 1.8.3,MIT License,Place Additional Restrictions,PERMITTED,FORBIDDEN,You intend to place additional restrictions,You are not entitled to place additional restrictions
LEGAL,ActFramework Starter - Excel 1.7.1.0,Apache License 2.0,GroupBy - API - Java - Flux 2.5.33,MIT License,Place Additional Restrictions,PERMITTED,FORBIDDEN,You intend to place additional restrictions,You are not entitled to place additional restrictions
LEGAL,ActFramework Starter - Excel 1.7.1.0,Apache License 2.0,GroupBy - API - Java - Flux 2.5.34,MIT License,Place Additional Restrictions,PERMITTED,FORBIDDEN,You intend to place additional restrictions,You are not entitled to place additional restrictions
LEGAL,ActFramework Starter - Excel 1.7.1.0,Apache License 2.0,LightJason AgentSpeak(L++) 0.0.1,GNU Lesser General Public License v3.0 or later,Sub-License,PERMITTED,FORBIDDEN,You may provide the software or modifications to the software under a different license,You may not provide this software or modifications under a different license
LEGAL,ActFramework Starter - Velocity 1.7.1.0,Apache License 2.0,ActiveMQ JUnit Utilities 1.0.2,[base] BSD 2.0 (base license),Place Additional Restrictions,PERMITTED,FORBIDDEN,You intend to place additional restrictions,You are not entitled to place additional restrictions
LEGAL,ActFramework Starter - Velocity 1.7.1.0,Apache License 2.0,AOP Alliance (Java/J2EE AOP standard) 1.0,Public Domain,Place Additional Restrictions,PERMITTED,FORBIDDEN,You intend to place additional restrictions,You are not entitled to place additional restrictions
LEGAL,ActFramework Starter - Velocity 1.7.1.0,Apache License 2.0,avro4s-json 1.8.3,MIT License,Place Additional Restrictions,PERMITTED,FORBIDDEN,You intend to place additional restrictions,You are not entitled to place additional restrictions
LEGAL,ActFramework Starter - Velocity 1.7.1.0,Apache License 2.0,GroupBy - API - Java - Flux 2.5.33,MIT License,Place Additional Restrictions,PERMITTED,FORBIDDEN,You intend to place additional restrictions,You are not entitled to place additional restrictions
LEGAL,ActFramework Starter - Velocity 1.7.1.0,Apache License 2.0,GroupBy - API - Java - Flux 2.5.34,MIT License,Place Additional Restrictions,PERMITTED,FORBIDDEN,You intend to place additional restrictions,You are not entitled to place additional restrictions
LEGAL,ActFramework Starter - Velocity 1.7.1.0,Apache License 2.0,LightJason AgentSpeak(L++) 0.0.1,GNU Lesser General Public License v3.0 or later,Sub-License,PERMITTED,FORBIDDEN,You may provide the software or modifications to the software under a different license,You may not provide this software or modifications under a different license
LEGAL,ActiveMQ JUnit Utilities 1.0.2,[base] BSD 2.0 (base license),agent-bond-agent 1.2.0,Apache License 2.0,Place Additional Restrictions,FORBIDDEN,PERMITTED,You are not entitled to place additional restrictions,You intend to place additional restrictions
LEGAL,ActiveMQ JUnit Utilities 1.0.2,[base] BSD 2.0 (base license),agent-bond-core 1.2.0,Apache License 2.0,Place Additional Restrictions,FORBIDDEN,PERMITTED,You are not entitled to place additional restrictions,You intend to place additional restrictions
LEGAL,ActiveMQ JUnit Utilities 1.0.2,[base] BSD 2.0 (base license),agent-bond-jmx_exporter 1.2.0,Apache License 2.0,Place Additional Restrictions,FORBIDDEN,PERMITTED,You are not entitled to place additional restrictions,You intend to place additional restrictions
LEGAL,ActiveMQ JUnit Utilities 1.0.2,[base] BSD 2.0 (base license),agent-bond-jolokia 1.2.0,Apache License 2.0,Place Additional Restrictions,FORBIDDEN,PERMITTED,You are not entitled to place additional restrictions,You intend to place additional restrictions
LEGAL,ActiveMQ JUnit Utilities 1.0.2,[base] BSD 2.0 (base license),airframe-config 0.40,Apache License 2.0,Place Additional Restrictions,FORBIDDEN,PERMITTED,You are not entitled to place additional restrictions,You intend to place additional restrictions
LEGAL,ActiveMQ JUnit Utilities 1.0.2,[base] BSD 2.0 (base license),airframe-config 0.41,Apache License 2.0,Place Additional Restrictions,FORBIDDEN,PERMITTED,You are not entitled to place additional restrictions,You intend to place additional restrictions
LEGAL,ActiveMQ JUnit Utilities 1.0.2,[base] BSD 2.0 (base license),airframe-jmx 0.40,Apache License 2.0,Place Additional Restrictions,FORBIDDEN,PERMITTED,You are not entitled to place additional restrictions,You intend to place additional restrictions
LEGAL,ActiveMQ JUnit Utilities 1.0.2,[base] BSD 2.0 (base license),airframe-jmx 0.41,Apache License 2.0,Place Additional Restrictions,FORBIDDEN,PERMITTED,You are not entitled to place additional restrictions,You intend to place additional restrictions
LEGAL,ActiveMQ JUnit Utilities 1.0.2,[base] BSD 2.0 (base license),Apache ActiveMQ 5.13.5,Apache License 2.0,Place Additional Restrictions,FORBIDDEN,PERMITTED,You are not entitled to place additional restrictions,You intend to place additional restrictions
LEGAL,ActiveMQ JUnit Utilities 1.0.2,[base] BSD 2.0 (base license),Apache Extras Companion for log4j 1.2. 1.2.17,Apache License 2.0,Place Additional Restrictions,FORBIDDEN,PERMITTED,You are not entitled to place additional restrictions,You intend to place additional restrictions
LEGAL,ActiveMQ JUnit Utilities 1.0.2,[base] BSD 2.0 (base license),Apache jclouds :: Azure :: Compute API 2.1.0,Apache License 2.0,Place Additional Restrictions,FORBIDDEN,PERMITTED,You are not entitled to place additional restrictions,You intend to place additional restrictions
LEGAL,ActiveMQ JUnit Utilities 1.0.2,[base] BSD 2.0 (base license),api-capture-info 1.4.0,Apache License 2.0,Place Additional Restrictions,FORBIDDEN,PERMITTED,You are not entitled to place additional restrictions,You intend to place additional restrictions
LEGAL,ActiveMQ JUnit Utilities 1.0.2,[base] BSD 2.0 (base license),api-capture-info-schemas 1.4.0,Apache License 2.0,Place Additional Restrictions,FORBIDDEN,PERMITTED,You are not entitled to place additional restrictions,You intend to place additional restrictions
LEGAL,ActiveMQ JUnit Utilities 1.0.2,[base] BSD 2.0 (base license),api-capture-playout 1.0.0,Apache License 2.0,Place Additional Restrictions,FORBIDDEN,PERMITTED,You are not entitled to place additional restrictions,You intend to place additional restrictions
LEGAL,ActiveMQ JUnit Utilities 1.0.2,[base] BSD 2.0 (base license),api-manager-test 3.0.0-m18,Apache License 2.0,Place Additional Restrictions,FORBIDDEN,PERMITTED,You are not entitled to place additional restrictions,You intend to place additional restrictions
LEGAL,ActiveMQ JUnit Utilities 1.0.2,[base] BSD 2.0 (base license),axion-release-plugin 1.9.0,Apache License 2.0,Place Additional Restrictions,FORBIDDEN,PERMITTED,You are not entitled to place additional restrictions,You intend to place additional restrictions
LEGAL,ActiveMQ JUnit Utilities 1.0.2,[base] BSD 2.0 (base license),Axon Framework Spring Support 3.1.3,Apache License 2.0,Place Additional Restrictions,FORBIDDEN,PERMITTED,You are not entitled to place additional restrictions,You intend to place additional restrictions
LEGAL,ActiveMQ JUnit Utilities 1.0.2,[base] BSD 2.0 (base license),Axon Metrics 3.1.3,Apache License 2.0,Place Additional Restrictions,FORBIDDEN,PERMITTED,You are not entitled to place additional restrictions,You intend to place additional restrictions
LEGAL,ActiveMQ JUnit Utilities 1.0.2,[base] BSD 2.0 (base license),axonhub-grpc-proto 1.0-beta3,Apache License 2.0,Place Additional Restrictions,FORBIDDEN,PERMITTED,You are not entitled to place additional restrictions,You intend to place additional restrictions
LEGAL,ActiveMQ JUnit Utilities 1.0.2,[base] BSD 2.0 (base license),com.springsource.org.apache.axis 1.4.0,Apache License 2.0,Place Additional Restrictions,FORBIDDEN,PERMITTED,You are not entitled to place additional restrictions,You intend to place additional restrictions
LEGAL,ActiveMQ JUnit Utilities 1.0.2,[base] BSD 2.0 (base license),jolokia-core 1.5.0,Apache License 2.0,Place Additional Restrictions,FORBIDDEN,PERMITTED,You are not entitled to place additional restrictions,You intend to place additional restrictions
LEGAL,ActiveMQ JUnit Utilities 1.0.2,[base] BSD 2.0 (base license),jolokia-jvm 1.5.0,Apache License 2.0,Place Additional Restrictions,FORBIDDEN,PERMITTED,You are not entitled to place additional restrictions,You intend to place additional restrictions
LEGAL,ActiveMQ JUnit Utilities 1.0.2,[base] BSD 2.0 (base license),json-simple 1.1.1,Apache License 2.0,Place Additional Restrictions,FORBIDDEN,PERMITTED,You are not entitled to place additional restrictions,You intend to place additional restrictions
LEGAL,agent-bond-agent 1.2.0,Apache License 2.0,AOP Alliance (Java/J2EE AOP standard) 1.0,Public Domain,Place Additional Restrictions,PERMITTED,FORBIDDEN,You intend to place additional restrictions,You are not entitled to place additional restrictions
LEGAL,agent-bond-agent 1.2.0,Apache License 2.0,avro4s-json 1.8.3,MIT License,Place Additional Restrictions,PERMITTED,FORBIDDEN,You intend to place additional restrictions,You are not entitled to place additional restrictions
LEGAL,agent-bond-agent 1.2.0,Apache License 2.0,GroupBy - API - Java - Flux 2.5.33,MIT License,Place Additional Restrictions,PERMITTED,FORBIDDEN,You intend to place additional restrictions,You are not entitled to place additional restrictions
LEGAL,agent-bond-agent 1.2.0,Apache License 2.0,GroupBy - API - Java - Flux 2.5.34,MIT License,Place Additional Restrictions,PERMITTED,FORBIDDEN,You intend to place additional restrictions,You are not entitled to place additional restrictions
LEGAL,agent-bond-agent 1.2.0,Apache License 2.0,LightJason AgentSpeak(L++) 0.0.1,GNU Lesser General Public License v3.0 or later,Sub-License,PERMITTED,FORBIDDEN,You may provide the software or modifications to the software under a different license,You may not provide this software or modifications under a different license
LEGAL,agent-bond-core 1.2.0,Apache License 2.0,AOP Alliance (Java/J2EE AOP standard) 1.0,Public Domain,Place Additional Restrictions,PERMITTED,FORBIDDEN,You intend to place additional restrictions,You are not entitled to place additional restrictions
LEGAL,agent-bond-core 1.2.0,Apache License 2.0,avro4s-json 1.8.3,MIT License,Place Additional Restrictions,PERMITTED,FORBIDDEN,You intend to place additional restrictions,You are not entitled to place additional restrictions
LEGAL,agent-bond-core 1.2.0,Apache License 2.0,GroupBy - API - Java - Flux 2.5.33,MIT License,Place Additional Restrictions,PERMITTED,FORBIDDEN,You intend to place additional restrictions,You are not entitled to place additional restrictions
LEGAL,agent-bond-core 1.2.0,Apache License 2.0,GroupBy - API - Java - Flux 2.5.34,MIT License,Place Additional Restrictions,PERMITTED,FORBIDDEN,You intend to place additional restrictions,You are not entitled to place additional restrictions
LEGAL,agent-bond-core 1.2.0,Apache License 2.0,LightJason AgentSpeak(L++) 0.0.1,GNU Lesser General Public License v3.0 or later,Sub-License,PERMITTED,FORBIDDEN,You may provide the software or modifications to the software under a different license,You may not provide this software or modifications under a different license
LEGAL,agent-bond-jmx_exporter 1.2.0,Apache License 2.0,AOP Alliance (Java/J2EE AOP standard) 1.0,Public Domain,Place Additional Restrictions,PERMITTED,FORBIDDEN,You intend to place additional restrictions,You are not entitled to place additional restrictions
LEGAL,agent-bond-jmx_exporter 1.2.0,Apache License 2.0,avro4s-json 1.8.3,MIT License,Place Additional Restrictions,PERMITTED,FORBIDDEN,You intend to place additional restrictions,You are not entitled to place additional restrictions
LEGAL,agent-bond-jmx_exporter 1.2.0,Apache License 2.0,GroupBy - API - Java - Flux 2.5.33,MIT License,Place Additional Restrictions,PERMITTED,FORBIDDEN,You intend to place additional restrictions,You are not entitled to place additional restrictions
LEGAL,agent-bond-jmx_exporter 1.2.0,Apache License 2.0,GroupBy - API - Java - Flux 2.5.34,MIT License,Place Additional Restrictions,PERMITTED,FORBIDDEN,You intend to place additional restrictions,You are not entitled to place additional restrictions
LEGAL,agent-bond-jmx_exporter 1.2.0,Apache License 2.0,LightJason AgentSpeak(L++) 0.0.1,GNU Lesser General Public License v3.0 or later,Sub-License,PERMITTED,FORBIDDEN,You may provide the software or modifications to the software under a different license,You may not provide this software or modifications under a different license
LEGAL,agent-bond-jolokia 1.2.0,Apache License 2.0,AOP Alliance (Java/J2EE AOP standard) 1.0,Public Domain,Place Additional Restrictions,PERMITTED,FORBIDDEN,You intend to place additional restrictions,You are not entitled to place additional restrictions
LEGAL,agent-bond-jolokia 1.2.0,Apache License 2.0,avro4s-json 1.8.3,MIT License,Place Additional Restrictions,PERMITTED,FORBIDDEN,You intend to place additional restrictions,You are not entitled to place additional restrictions
LEGAL,agent-bond-jolokia 1.2.0,Apache License 2.0,GroupBy - API - Java - Flux 2.5.33,MIT License,Place Additional Restrictions,PERMITTED,FORBIDDEN,You intend to place additional restrictions,You are not entitled to place additional restrictions
LEGAL,agent-bond-jolokia 1.2.0,Apache License 2.0,GroupBy - API - Java - Flux 2.5.34,MIT License,Place Additional Restrictions,PERMITTED,FORBIDDEN,You intend to place additional restrictions,You are not entitled to place additional restrictions
LEGAL,agent-bond-jolokia 1.2.0,Apache License 2.0,LightJason AgentSpeak(L++) 0.0.1,GNU Lesser General Public License v3.0 or later,Sub-License,PERMITTED,FORBIDDEN,You may provide the software or modifications to the software under a different license,You may not provide this software or modifications under a different license
LEGAL,airframe-config 0.40,Apache License 2.0,AOP Alliance (Java/J2EE AOP standard) 1.0,Public Domain,Place Additional Restrictions,PERMITTED,FORBIDDEN,You intend to place additional restrictions,You are not entitled to place additional restrictions
LEGAL,airframe-config 0.40,Apache License 2.0,avro4s-json 1.8.3,MIT License,Place Additional Restrictions,PERMITTED,FORBIDDEN,You intend to place additional restrictions,You are not entitled to place additional restrictions
LEGAL,airframe-config 0.40,Apache License 2.0,GroupBy - API - Java - Flux 2.5.33,MIT License,Place Additional Restrictions,PERMITTED,FORBIDDEN,You intend to place additional restrictions,You are not entitled to place additional restrictions
LEGAL,airframe-config 0.40,Apache License 2.0,GroupBy - API - Java - Flux 2.5.34,MIT License,Place Additional Restrictions,PERMITTED,FORBIDDEN,You intend to place additional restrictions,You are not entitled to place additional restrictions
LEGAL,airframe-config 0.40,Apache License 2.0,LightJason AgentSpeak(L++) 0.0.1,GNU Lesser General Public License v3.0 or later,Sub-License,PERMITTED,FORBIDDEN,You may provide the software or modifications to the software under a different license,You may not provide this software or modifications under a different license
LEGAL,airframe-config 0.41,Apache License 2.0,AOP Alliance (Java/J2EE AOP standard) 1.0,Public Domain,Place Additional Restrictions,PERMITTED,FORBIDDEN,You intend to place additional restrictions,You are not entitled to place additional restrictions
LEGAL,airframe-config 0.41,Apache License 2.0,avro4s-json 1.8.3,MIT License,Place Additional Restrictions,PERMITTED,FORBIDDEN,You intend to place additional restrictions,You are not entitled to place additional restrictions
LEGAL,airframe-config 0.41,Apache License 2.0,GroupBy - API - Java - Flux 2.5.33,MIT License,Place Additional Restrictions,PERMITTED,FORBIDDEN,You intend to place additional restrictions,You are not entitled to place additional restrictions
LEGAL,airframe-config 0.41,Apache License 2.0,GroupBy - API - Java - Flux 2.5.34,MIT License,Place Additional Restrictions,PERMITTED,FORBIDDEN,You intend to place additional restrictions,You are not entitled to place additional restrictions
LEGAL,airframe-config 0.41,Apache License 2.0,LightJason AgentSpeak(L++) 0.0.1,GNU Lesser General Public License v3.0 or later,Sub-License,PERMITTED,FORBIDDEN,You may provide the software or modifications to the software under a different license,You may not provide this software or modifications under a different license
LEGAL,airframe-jmx 0.40,Apache License 2.0,AOP Alliance (Java/J2EE AOP standard) 1.0,Public Domain,Place Additional Restrictions,PERMITTED,FORBIDDEN,You intend to place additional restrictions,You are not entitled to place additional restrictions
LEGAL,airframe-jmx 0.40,Apache License 2.0,avro4s-json 1.8.3,MIT License,Place Additional Restrictions,PERMITTED,FORBIDDEN,You intend to place additional restrictions,You are not entitled to place additional restrictions
LEGAL,airframe-jmx 0.40,Apache License 2.0,GroupBy - API - Java - Flux 2.5.33,MIT License,Place Additional Restrictions,PERMITTED,FORBIDDEN,You intend to place additional restrictions,You are not entitled to place additional restrictions
LEGAL,airframe-jmx 0.40,Apache License 2.0,GroupBy - API - Java - Flux 2.5.34,MIT License,Place Additional Restrictions,PERMITTED,FORBIDDEN,You intend to place additional restrictions,You are not entitled to place additional restrictions
LEGAL,airframe-jmx 0.40,Apache License 2.0,LightJason AgentSpeak(L++) 0.0.1,GNU Lesser General Public License v3.0 or later,Sub-License,PERMITTED,FORBIDDEN,You may provide the software or modifications to the software under a different license,You may not provide this software or modifications under a different license
LEGAL,airframe-jmx 0.41,Apache License 2.0,AOP Alliance (Java/J2EE AOP standard) 1.0,Public Domain,Place Additional Restrictions,PERMITTED,FORBIDDEN,You intend to place additional restrictions,You are not entitled to place additional restrictions
LEGAL,airframe-jmx 0.41,Apache License 2.0,avro4s-json 1.8.3,MIT License,Place Additional Restrictions,PERMITTED,FORBIDDEN,You intend to place additional restrictions,You are not entitled to place additional restrictions
LEGAL,airframe-jmx 0.41,Apache License 2.0,GroupBy - API - Java - Flux 2.5.33,MIT License,Place Additional Restrictions,PERMITTED,FORBIDDEN,You intend to place additional restrictions,You are not entitled to place additional restrictions
LEGAL,airframe-jmx 0.41,Apache License 2.0,GroupBy - API - Java - Flux 2.5.34,MIT License,Place Additional Restrictions,PERMITTED,FORBIDDEN,You intend to place additional restrictions,You are not entitled to place additional restrictions
LEGAL,airframe-jmx 0.41,Apache License 2.0,LightJason AgentSpeak(L++) 0.0.1,GNU Lesser General Public License v3.0 or later,Sub-License,PERMITTED,FORBIDDEN,You may provide the software or modifications to the software under a different license,You may not provide this software or modifications under a different license
LEGAL,akka-actor 2.5.10,Apache License 2.0,akka-cdi 1.4.9,"BSD 3-clause ""New"" or ""Revised"" License",Place Additional Restrictions,PERMITTED,FORBIDDEN,You intend to place additional restrictions,You are not entitled to place additional restrictions
LEGAL,akka-actor 2.5.10,Apache License 2.0,akka-http-hal 1.4.9,"BSD 3-clause ""New"" or ""Revised"" License",Place Additional Restrictions,PERMITTED,FORBIDDEN,You intend to place additional restrictions,You are not entitled to place additional restrictions
LEGAL,akka-actor 2.5.10,Apache License 2.0,Mobicents Simple alarm listener :: SimpleAlarmListener-core 8.0.0-129,GNU Affero General Public License v3.0,Sub-License,PERMITTED,FORBIDDEN,You may provide the software or modifications to the software under a different license,You may not provide this software or modifications under a different license
LEGAL,akka-actor 2.5.10,Apache License 2.0,Mobicents Simple alarm listener :: SimpleAlarmListener-core 8.0.62,GNU Affero General Public License v3.0,Sub-License,PERMITTED,FORBIDDEN,You may provide the software or modifications to the software under a different license,You may not provide this software or modifications under a different license
LEGAL,akka-cdi 1.4.9,"BSD 3-clause ""New"" or ""Revised"" License",akka-cluster 2.5.10,Apache License 2.0,Place Additional Restrictions,FORBIDDEN,PERMITTED,You are not entitled to place additional restrictions,You intend to place additional restrictions
LEGAL,akka-cdi 1.4.9,"BSD 3-clause ""New"" or ""Revised"" License",akka-cluster 2.5.10,Apache License 2.0,Place Additional Restrictions,FORBIDDEN,PERMITTED,You are not entitled to place additional restrictions,You intend to place additional restrictions
LEGAL,akka-cdi 1.4.9,"BSD 3-clause ""New"" or ""Revised"" License",akka-cluster-sharding 2.5.10,Apache License 2.0,Place Additional Restrictions,FORBIDDEN,PERMITTED,You are not entitled to place additional restrictions,You intend to place additional restrictions
LEGAL,akka-cdi 1.4.9,"BSD 3-clause ""New"" or ""Revised"" License",akka-cluster-sharding-typed 2.5.10,Apache License 2.0,Place Additional Restrictions,FORBIDDEN,PERMITTED,You are not entitled to place additional restrictions,You intend to place additional restrictions
LEGAL,akka-cdi 1.4.9,"BSD 3-clause ""New"" or ""Revised"" License",akka-cluster-typed 2.5.10,Apache License 2.0,Place Additional Restrictions,FORBIDDEN,PERMITTED,You are not entitled to place additional restrictions,You intend to place additional restrictions
LEGAL,akka-cdi 1.4.9,"BSD 3-clause ""New"" or ""Revised"" License",akka-contrib 2.5.10,Apache License 2.0,Place Additional Restrictions,FORBIDDEN,PERMITTED,You are not entitled to place additional restrictions,You intend to place additional restrictions
LEGAL,akka-cdi 1.4.9,"BSD 3-clause ""New"" or ""Revised"" License",akka-stream 2.5.10,Apache License 2.0,Place Additional Restrictions,FORBIDDEN,PERMITTED,You are not entitled to place additional restrictions,You intend to place additional restrictions
LEGAL,akka-cdi 1.4.9,"BSD 3-clause ""New"" or ""Revised"" License",akka-stream-alpakka-solr 0.17,Apache License 2.0,Place Additional Restrictions,FORBIDDEN,PERMITTED,You are not entitled to place additional restrictions,You intend to place additional restrictions
LEGAL,akka-cdi 1.4.9,"BSD 3-clause ""New"" or ""Revised"" License",akka-stream-alpakka-unix-domain-socket 0.20,Apache License 2.0,Place Additional Restrictions,FORBIDDEN,PERMITTED,You are not entitled to place additional restrictions,You intend to place additional restrictions
LEGAL,akka-cdi 1.4.9,"BSD 3-clause ""New"" or ""Revised"" License",akka-stream-testkit 2.5.10,Apache License 2.0,Place Additional Restrictions,FORBIDDEN,PERMITTED,You are not entitled to place additional restrictions,You intend to place additional restrictions
LEGAL,akka-cdi 1.4.9,"BSD 3-clause ""New"" or ""Revised"" License",akka-testkit 2.5.10,Apache License 2.0,Place Additional Restrictions,FORBIDDEN,PERMITTED,You are not entitled to place additional restrictions,You intend to place additional restrictions
LEGAL,akka-cdi 1.4.9,"BSD 3-clause ""New"" or ""Revised"" License",akka-testkit-typed 2.5.10,Apache License 2.0,Place Additional Restrictions,FORBIDDEN,PERMITTED,You are not entitled to place additional restrictions,You intend to place additional restrictions
LEGAL,akka-cdi 1.4.9,"BSD 3-clause ""New"" or ""Revised"" License",ant-antlr 1.7.1,Apache License 2.0,Place Additional Restrictions,FORBIDDEN,PERMITTED,You are not entitled to place additional restrictions,You intend to place additional restrictions
LEGAL,akka-cdi 1.4.9,"BSD 3-clause ""New"" or ""Revised"" License",ant-apache-bsf 1.7.1,Apache License 2.0,Place Additional Restrictions,FORBIDDEN,PERMITTED,You are not entitled to place additional restrictions,You intend to place additional restrictions
LEGAL,akka-cdi 1.4.9,"BSD 3-clause ""New"" or ""Revised"" License",ant-apache-oro 1.7.1,Apache License 2.0,Place Additional Restrictions,FORBIDDEN,PERMITTED,You are not entitled to place additional restrictions,You intend to place additional restrictions
LEGAL,akka-cdi 1.4.9,"BSD 3-clause ""New"" or ""Revised"" License",ant:ant-apache-bcel 1.7.1,Apache License 2.0,Place Additional Restrictions,FORBIDDEN,PERMITTED,You are not entitled to place additional restrictions,You intend to place additional restrictions
LEGAL,akka-cdi 1.4.9,"BSD 3-clause ""New"" or ""Revised"" License",Apache Ant 1.7.1,Apache License 2.0,Place Additional Restrictions,FORBIDDEN,PERMITTED,You are not entitled to place additional restrictions,You intend to place additional restrictions
LEGAL,akka-cdi 1.4.9,"BSD 3-clause ""New"" or ""Revised"" License",Apache Tomcat 7.0.52,Apache License 2.0,Place Additional Restrictions,FORBIDDEN,PERMITTED,You are not entitled to place additional restrictions,You intend to place additional restrictions
LEGAL,akka-cdi 1.4.9,"BSD 3-clause ""New"" or ""Revised"" License",arez:extras 0.54,Apache License 2.0,Place Additional Restrictions,FORBIDDEN,PERMITTED,You are not entitled to place additional restrictions,You intend to place additional restrictions
LEGAL,akka-cdi 1.4.9,"BSD 3-clause ""New"" or ""Revised"" License",arez:extras 0.55,Apache License 2.0,Place Additional Restrictions,FORBIDDEN,PERMITTED,You are not entitled to place additional restrictions,You intend to place additional restrictions
LEGAL,akka-cdi 1.4.9,"BSD 3-clause ""New"" or ""Revised"" License",arez:extras 0.56,Apache License 2.0,Place Additional Restrictions,FORBIDDEN,PERMITTED,You are not entitled to place additional restrictions,You intend to place additional restrictions
LEGAL,akka-cdi 1.4.9,"BSD 3-clause ""New"" or ""Revised"" License",arez:extras 0.57,Apache License 2.0,Place Additional Restrictions,FORBIDDEN,PERMITTED,You are not entitled to place additional restrictions,You intend to place additional restrictions
LEGAL,akka-cdi 1.4.9,"BSD 3-clause ""New"" or ""Revised"" License",arez:processor 0.54,Apache License 2.0,Place Additional Restrictions,FORBIDDEN,PERMITTED,You are not entitled to place additional restrictions,You intend to place additional restrictions
LEGAL,akka-cdi 1.4.9,"BSD 3-clause ""New"" or ""Revised"" License",arez:processor 0.55,Apache License 2.0,Place Additional Restrictions,FORBIDDEN,PERMITTED,You are not entitled to place additional restrictions,You intend to place additional restrictions
LEGAL,akka-cdi 1.4.9,"BSD 3-clause ""New"" or ""Revised"" License",arez:processor 0.56,Apache License 2.0,Place Additional Restrictions,FORBIDDEN,PERMITTED,You are not entitled to place additional restrictions,You intend to place additional restrictions
LEGAL,akka-cdi 1.4.9,"BSD 3-clause ""New"" or ""Revised"" License",arez:processor 0.57,Apache License 2.0,Place Additional Restrictions,FORBIDDEN,PERMITTED,You are not entitled to place additional restrictions,You intend to place additional restrictions
LEGAL,akka-cluster 2.5.10,Apache License 2.0,akka-http-hal 1.4.9,"BSD 3-clause ""New"" or ""Revised"" License",Place Additional Restrictions,PERMITTED,FORBIDDEN,You intend to place additional restrictions,You are not entitled to place additional restrictions
LEGAL,akka-cluster 2.5.10,Apache License 2.0,Mobicents Simple alarm listener :: SimpleAlarmListener-core 8.0.0-129,GNU Affero General Public License v3.0,Sub-License,PERMITTED,FORBIDDEN,You may provide the software or modifications to the software under a different license,You may not provide this software or modifications under a different license
LEGAL,akka-cluster 2.5.10,Apache License 2.0,Mobicents Simple alarm listener :: SimpleAlarmListener-core 8.0.62,GNU Affero General Public License v3.0,Sub-License,PERMITTED,FORBIDDEN,You may provide the software or modifications to the software under a different license,You may not provide this software or modifications under a different license
LEGAL,akka-cluster 2.5.10,Apache License 2.0,akka-http-hal 1.4.9,"BSD 3-clause ""New"" or ""Revised"" License",Place Additional Restrictions,PERMITTED,FORBIDDEN,You intend to place additional restrictions,You are not entitled to place additional restrictions
LEGAL,akka-cluster 2.5.10,Apache License 2.0,Mobicents Simple alarm listener :: SimpleAlarmListener-core 8.0.0-129,GNU Affero General Public License v3.0,Sub-License,PERMITTED,FORBIDDEN,You may provide the software or modifications to the software under a different license,You may not provide this software or modifications under a different license
LEGAL,akka-cluster 2.5.10,Apache License 2.0,Mobicents Simple alarm listener :: SimpleAlarmListener-core 8.0.62,GNU Affero General Public License v3.0,Sub-License,PERMITTED,FORBIDDEN,You may provide the software or modifications to the software under a different license,You may not provide this software or modifications under a different license
LEGAL,akka-cluster-sharding 2.5.10,Apache License 2.0,akka-http-hal 1.4.9,"BSD 3-clause ""New"" or ""Revised"" License",Place Additional Restrictions,PERMITTED,FORBIDDEN,You intend to place additional restrictions,You are not entitled to place additional restrictions
LEGAL,akka-cluster-sharding 2.5.10,Apache License 2.0,Mobicents Simple alarm listener :: SimpleAlarmListener-core 8.0.0-129,GNU Affero General Public License v3.0,Sub-License,PERMITTED,FORBIDDEN,You may provide the software or modifications to the software under a different license,You may not provide this software or modifications under a different license
LEGAL,akka-cluster-sharding 2.5.10,Apache License 2.0,Mobicents Simple alarm listener :: SimpleAlarmListener-core 8.0.62,GNU Affero General Public License v3.0,Sub-License,PERMITTED,FORBIDDEN,You may provide the software or modifications to the software under a different license,You may not provide this software or modifications under a different license
LEGAL,akka-cluster-sharding-typed 2.5.10,Apache License 2.0,akka-http-hal 1.4.9,"BSD 3-clause ""New"" or ""Revised"" License",Place Additional Restrictions,PERMITTED,FORBIDDEN,You intend to place additional restrictions,You are not entitled to place additional restrictions
LEGAL,akka-cluster-sharding-typed 2.5.10,Apache License 2.0,Mobicents Simple alarm listener :: SimpleAlarmListener-core 8.0.0-129,GNU Affero General Public License v3.0,Sub-License,PERMITTED,FORBIDDEN,You may provide the software or modifications to the software under a different license,You may not provide this software or modifications under a different license
LEGAL,akka-cluster-sharding-typed 2.5.10,Apache License 2.0,Mobicents Simple alarm listener :: SimpleAlarmListener-core 8.0.62,GNU Affero General Public License v3.0,Sub-License,PERMITTED,FORBIDDEN,You may provide the software or modifications to the software under a different license,You may not provide this software or modifications under a different license
LEGAL,akka-cluster-typed 2.5.10,Apache License 2.0,akka-http-hal 1.4.9,"BSD 3-clause ""New"" or ""Revised"" License",Place Additional Restrictions,PERMITTED,FORBIDDEN,You intend to place additional restrictions,You are not entitled to place additional restrictions
LEGAL,akka-cluster-typed 2.5.10,Apache License 2.0,Mobicents Simple alarm listener :: SimpleAlarmListener-core 8.0.0-129,GNU Affero General Public License v3.0,Sub-License,PERMITTED,FORBIDDEN,You may provide the software or modifications to the software under a different license,You may not provide this software or modifications under a different license
LEGAL,akka-cluster-typed 2.5.10,Apache License 2.0,Mobicents Simple alarm listener :: SimpleAlarmListener-core 8.0.62,GNU Affero General Public License v3.0,Sub-License,PERMITTED,FORBIDDEN,You may provide the software or modifications to the software under a different license,You may not provide this software or modifications under a different license
LEGAL,akka-contrib 2.5.10,Apache License 2.0,akka-http-hal 1.4.9,"BSD 3-clause ""New"" or ""Revised"" License",Place Additional Restrictions,PERMITTED,FORBIDDEN,You intend to place additional restrictions,You are not entitled to place additional restrictions
LEGAL,akka-contrib 2.5.10,Apache License 2.0,Mobicents Simple alarm listener :: SimpleAlarmListener-core 8.0.0-129,GNU Affero General Public License v3.0,Sub-License,PERMITTED,FORBIDDEN,You may provide the software or modifications to the software under a different license,You may not provide this software or modifications under a different license
LEGAL,akka-contrib 2.5.10,Apache License 2.0,Mobicents Simple alarm listener :: SimpleAlarmListener-core 8.0.62,GNU Affero General Public License v3.0,Sub-License,PERMITTED,FORBIDDEN,You may provide the software or modifications to the software under a different license,You may not provide this software or modifications under a different license
LEGAL,akka-http-hal 1.4.9,"BSD 3-clause ""New"" or ""Revised"" License",akka-stream 2.5.10,Apache License 2.0,Place Additional Restrictions,FORBIDDEN,PERMITTED,You are not entitled to place additional restrictions,You intend to place additional restrictions
LEGAL,akka-http-hal 1.4.9,"BSD 3-clause ""New"" or ""Revised"" License",akka-stream-alpakka-solr 0.17,Apache License 2.0,Place Additional Restrictions,FORBIDDEN,PERMITTED,You are not entitled to place additional restrictions,You intend to place additional restrictions
LEGAL,akka-http-hal 1.4.9,"BSD 3-clause ""New"" or ""Revised"" License",akka-stream-alpakka-unix-domain-socket 0.20,Apache License 2.0,Place Additional Restrictions,FORBIDDEN,PERMITTED,You are not entitled to place additional restrictions,You intend to place additional restrictions
LEGAL,akka-http-hal 1.4.9,"BSD 3-clause ""New"" or ""Revised"" License",akka-stream-testkit 2.5.10,Apache License 2.0,Place Additional Restrictions,FORBIDDEN,PERMITTED,You are not entitled to place additional restrictions,You intend to place additional restrictions
LEGAL,akka-http-hal 1.4.9,"BSD 3-clause ""New"" or ""Revised"" License",akka-testkit 2.5.10,Apache License 2.0,Place Additional Restrictions,FORBIDDEN,PERMITTED,You are not entitled to place additional restrictions,You intend to place additional restrictions
LEGAL,akka-http-hal 1.4.9,"BSD 3-clause ""New"" or ""Revised"" License",akka-testkit-typed 2.5.10,Apache License 2.0,Place Additional Restrictions,FORBIDDEN,PERMITTED,You are not entitled to place additional restrictions,You intend to place additional restrictions
LEGAL,akka-http-hal 1.4.9,"BSD 3-clause ""New"" or ""Revised"" License",ant-antlr 1.7.1,Apache License 2.0,Place Additional Restrictions,FORBIDDEN,PERMITTED,You are not entitled to place additional restrictions,You intend to place additional restrictions
LEGAL,akka-http-hal 1.4.9,"BSD 3-clause ""New"" or ""Revised"" License",ant-apache-bsf 1.7.1,Apache License 2.0,Place Additional Restrictions,FORBIDDEN,PERMITTED,You are not entitled to place additional restrictions,You intend to place additional restrictions
LEGAL,akka-http-hal 1.4.9,"BSD 3-clause ""New"" or ""Revised"" License",ant-apache-oro 1.7.1,Apache License 2.0,Place Additional Restrictions,FORBIDDEN,PERMITTED,You are not entitled to place additional restrictions,You intend to place additional restrictions
LEGAL,akka-http-hal 1.4.9,"BSD 3-clause ""New"" or ""Revised"" License",ant:ant-apache-bcel 1.7.1,Apache License 2.0,Place Additional Restrictions,FORBIDDEN,PERMITTED,You are not entitled to place additional restrictions,You intend to place additional restrictions
LEGAL,akka-http-hal 1.4.9,"BSD 3-clause ""New"" or ""Revised"" License",Apache Ant 1.7.1,Apache License 2.0,Place Additional Restrictions,FORBIDDEN,PERMITTED,You are not entitled to place additional restrictions,You intend to place additional restrictions
LEGAL,akka-http-hal 1.4.9,"BSD 3-clause ""New"" or ""Revised"" License",Apache Tomcat 7.0.52,Apache License 2.0,Place Additional Restrictions,FORBIDDEN,PERMITTED,You are not entitled to place additional restrictions,You intend to place additional restrictions
LEGAL,akka-http-hal 1.4.9,"BSD 3-clause ""New"" or ""Revised"" License",arez:extras 0.54,Apache License 2.0,Place Additional Restrictions,FORBIDDEN,PERMITTED,You are not entitled to place additional restrictions,You intend to place additional restrictions
LEGAL,akka-http-hal 1.4.9,"BSD 3-clause ""New"" or ""Revised"" License",arez:extras 0.55,Apache License 2.0,Place Additional Restrictions,FORBIDDEN,PERMITTED,You are not entitled to place additional restrictions,You intend to place additional restrictions
LEGAL,akka-http-hal 1.4.9,"BSD 3-clause ""New"" or ""Revised"" License",arez:extras 0.56,Apache License 2.0,Place Additional Restrictions,FORBIDDEN,PERMITTED,You are not entitled to place additional restrictions,You intend to place additional restrictions
LEGAL,akka-http-hal 1.4.9,"BSD 3-clause ""New"" or ""Revised"" License",arez:extras 0.57,Apache License 2.0,Place Additional Restrictions,FORBIDDEN,PERMITTED,You are not entitled to place additional restrictions,You intend to place additional restrictions
LEGAL,akka-http-hal 1.4.9,"BSD 3-clause ""New"" or ""Revised"" License",arez:processor 0.54,Apache License 2.0,Place Additional Restrictions,FORBIDDEN,PERMITTED,You are not entitled to place additional restrictions,You intend to place additional restrictions
LEGAL,akka-http-hal 1.4.9,"BSD 3-clause ""New"" or ""Revised"" License",arez:processor 0.55,Apache License 2.0,Place Additional Restrictions,FORBIDDEN,PERMITTED,You are not entitled to place additional restrictions,You intend to place additional restrictions
LEGAL,akka-http-hal 1.4.9,"BSD 3-clause ""New"" or ""Revised"" License",arez:processor 0.56,Apache License 2.0,Place Additional Restrictions,FORBIDDEN,PERMITTED,You are not entitled to place additional restrictions,You intend to place additional restrictions
LEGAL,akka-http-hal 1.4.9,"BSD 3-clause ""New"" or ""Revised"" License",arez:processor 0.57,Apache License 2.0,Place Additional Restrictions,FORBIDDEN,PERMITTED,You are not entitled to place additional restrictions,You intend to place additional restrictions
LEGAL,akka-stream 2.5.10,Apache License 2.0,Mobicents Simple alarm listener :: SimpleAlarmListener-core 8.0.0-129,GNU Affero General Public License v3.0,Sub-License,PERMITTED,FORBIDDEN,You may provide the software or modifications to the software under a different license,You may not provide this software or modifications under a different license
LEGAL,akka-stream 2.5.10,Apache License 2.0,Mobicents Simple alarm listener :: SimpleAlarmListener-core 8.0.62,GNU Affero General Public License v3.0,Sub-License,PERMITTED,FORBIDDEN,You may provide the software or modifications to the software under a different license,You may not provide this software or modifications under a different license
LEGAL,akka-stream-alpakka-solr 0.17,Apache License 2.0,Mobicents Simple alarm listener :: SimpleAlarmListener-core 8.0.0-129,GNU Affero General Public License v3.0,Sub-License,PERMITTED,FORBIDDEN,You may provide the software or modifications to the software under a different license,You may not provide this software or modifications under a different license
LEGAL,akka-stream-alpakka-solr 0.17,Apache License 2.0,Mobicents Simple alarm listener :: SimpleAlarmListener-core 8.0.62,GNU Affero General Public License v3.0,Sub-License,PERMITTED,FORBIDDEN,You may provide the software or modifications to the software under a different license,You may not provide this software or modifications under a different license
LEGAL,akka-stream-alpakka-unix-domain-socket 0.20,Apache License 2.0,Mobicents Simple alarm listener :: SimpleAlarmListener-core 8.0.0-129,GNU Affero General Public License v3.0,Sub-License,PERMITTED,FORBIDDEN,You may provide the software or modifications to the software under a different license,You may not provide this software or modifications under a different license
LEGAL,akka-stream-alpakka-unix-domain-socket 0.20,Apache License 2.0,Mobicents Simple alarm listener :: SimpleAlarmListener-core 8.0.62,GNU Affero General Public License v3.0,Sub-License,PERMITTED,FORBIDDEN,You may provide the software or modifications to the software under a different license,You may not provide this software or modifications under a different license
LEGAL,akka-stream-testkit 2.5.10,Apache License 2.0,Mobicents Simple alarm listener :: SimpleAlarmListener-core 8.0.0-129,GNU Affero General Public License v3.0,Sub-License,PERMITTED,FORBIDDEN,You may provide the software or modifications to the software under a different license,You may not provide this software or modifications under a different license
LEGAL,akka-stream-testkit 2.5.10,Apache License 2.0,Mobicents Simple alarm listener :: SimpleAlarmListener-core 8.0.62,GNU Affero General Public License v3.0,Sub-License,PERMITTED,FORBIDDEN,You may provide the software or modifications to the software under a different license,You may not provide this software or modifications under a different license
LEGAL,akka-testkit 2.5.10,Apache License 2.0,Mobicents Simple alarm listener :: SimpleAlarmListener-core 8.0.0-129,GNU Affero General Public License v3.0,Sub-License,PERMITTED,FORBIDDEN,You may provide the software or modifications to the software under a different license,You may not provide this software or modifications under a different license
LEGAL,akka-testkit 2.5.10,Apache License 2.0,Mobicents Simple alarm listener :: SimpleAlarmListener-core 8.0.62,GNU Affero General Public License v3.0,Sub-License,PERMITTED,FORBIDDEN,You may provide the software or modifications to the software under a different license,You may not provide this software or modifications under a different license
LEGAL,akka-testkit-typed 2.5.10,Apache License 2.0,Mobicents Simple alarm listener :: SimpleAlarmListener-core 8.0.0-129,GNU Affero General Public License v3.0,Sub-License,PERMITTED,FORBIDDEN,You may provide the software or modifications to the software under a different license,You may not provide this software or modifications under a different license
LEGAL,akka-testkit-typed 2.5.10,Apache License 2.0,Mobicents Simple alarm listener :: SimpleAlarmListener-core 8.0.62,GNU Affero General Public License v3.0,Sub-License,PERMITTED,FORBIDDEN,You may provide the software or modifications to the software under a different license,You may not provide this software or modifications under a different license
LEGAL,ant-antlr 1.7.1,Apache License 2.0,Mobicents Simple alarm listener :: SimpleAlarmListener-core 8.0.0-129,GNU Affero General Public License v3.0,Sub-License,PERMITTED,FORBIDDEN,You may provide the software or modifications to the software under a different license,You may not provide this software or modifications under a different license
LEGAL,ant-antlr 1.7.1,Apache License 2.0,Mobicents Simple alarm listener :: SimpleAlarmListener-core 8.0.62,GNU Affero General Public License v3.0,Sub-License,PERMITTED,FORBIDDEN,You may provide the software or modifications to the software under a different license,You may not provide this software or modifications under a different license
LEGAL,ant-apache-bsf 1.7.1,Apache License 2.0,Mobicents Simple alarm listener :: SimpleAlarmListener-core 8.0.0-129,GNU Affero General Public License v3.0,Sub-License,PERMITTED,FORBIDDEN,You may provide the software or modifications to the software under a different license,You may not provide this software or modifications under a different license
LEGAL,ant-apache-bsf 1.7.1,Apache License 2.0,Mobicents Simple alarm listener :: SimpleAlarmListener-core 8.0.62,GNU Affero General Public License v3.0,Sub-License,PERMITTED,FORBIDDEN,You may provide the software or modifications to the software under a different license,You may not provide this software or modifications under a different license
LEGAL,ant-apache-oro 1.7.1,Apache License 2.0,Mobicents Simple alarm listener :: SimpleAlarmListener-core 8.0.0-129,GNU Affero General Public License v3.0,Sub-License,PERMITTED,FORBIDDEN,You may provide the software or modifications to the software under a different license,You may not provide this software or modifications under a different license
LEGAL,ant-apache-oro 1.7.1,Apache License 2.0,Mobicents Simple alarm listener :: SimpleAlarmListener-core 8.0.62,GNU Affero General Public License v3.0,Sub-License,PERMITTED,FORBIDDEN,You may provide the software or modifications to the software under a different license,You may not provide this software or modifications under a different license
LEGAL,ant:ant-apache-bcel 1.7.1,Apache License 2.0,Mobicents Simple alarm listener :: SimpleAlarmListener-core 8.0.0-129,GNU Affero General Public License v3.0,Sub-License,PERMITTED,FORBIDDEN,You may provide the software or modifications to the software under a different license,You may not provide this software or modifications under a different license
LEGAL,ant:ant-apache-bcel 1.7.1,Apache License 2.0,Mobicents Simple alarm listener :: SimpleAlarmListener-core 8.0.62,GNU Affero General Public License v3.0,Sub-License,PERMITTED,FORBIDDEN,You may provide the software or modifications to the software under a different license,You may not provide this software or modifications under a different license
LEGAL,AOP Alliance (Java/J2EE AOP standard) 1.0,Public Domain,Apache ActiveMQ 5.13.5,Apache License 2.0,Place Additional Restrictions,FORBIDDEN,PERMITTED,You are not entitled to place additional restrictions,You intend to place additional restrictions
LEGAL,AOP Alliance (Java/J2EE AOP standard) 1.0,Public Domain,Apache Extras Companion for log4j 1.2. 1.2.17,Apache License 2.0,Place Additional Restrictions,FORBIDDEN,PERMITTED,You are not entitled to place additional restrictions,You intend to place additional restrictions
LEGAL,AOP Alliance (Java/J2EE AOP standard) 1.0,Public Domain,Apache jclouds :: Azure :: Compute API 2.1.0,Apache License 2.0,Place Additional Restrictions,FORBIDDEN,PERMITTED,You are not entitled to place additional restrictions,You intend to place additional restrictions
LEGAL,AOP Alliance (Java/J2EE AOP standard) 1.0,Public Domain,api-capture-info 1.4.0,Apache License 2.0,Place Additional Restrictions,FORBIDDEN,PERMITTED,You are not entitled to place additional restrictions,You intend to place additional restrictions
LEGAL,AOP Alliance (Java/J2EE AOP standard) 1.0,Public Domain,api-capture-info-schemas 1.4.0,Apache License 2.0,Place Additional Restrictions,FORBIDDEN,PERMITTED,You are not entitled to place additional restrictions,You intend to place additional restrictions
LEGAL,AOP Alliance (Java/J2EE AOP standard) 1.0,Public Domain,api-capture-playout 1.0.0,Apache License 2.0,Place Additional Restrictions,FORBIDDEN,PERMITTED,You are not entitled to place additional restrictions,You intend to place additional restrictions
LEGAL,AOP Alliance (Java/J2EE AOP standard) 1.0,Public Domain,api-manager-test 3.0.0-m18,Apache License 2.0,Place Additional Restrictions,FORBIDDEN,PERMITTED,You are not entitled to place additional restrictions,You intend to place additional restrictions
LEGAL,AOP Alliance (Java/J2EE AOP standard) 1.0,Public Domain,axion-release-plugin 1.9.0,Apache License 2.0,Place Additional Restrictions,FORBIDDEN,PERMITTED,You are not entitled to place additional restrictions,You intend to place additional restrictions
LEGAL,AOP Alliance (Java/J2EE AOP standard) 1.0,Public Domain,Axon Framework Spring Support 3.1.3,Apache License 2.0,Place Additional Restrictions,FORBIDDEN,PERMITTED,You are not entitled to place additional restrictions,You intend to place additional restrictions
LEGAL,AOP Alliance (Java/J2EE AOP standard) 1.0,Public Domain,Axon Metrics 3.1.3,Apache License 2.0,Place Additional Restrictions,FORBIDDEN,PERMITTED,You are not entitled to place additional restrictions,You intend to place additional restrictions
LEGAL,AOP Alliance (Java/J2EE AOP standard) 1.0,Public Domain,axonhub-grpc-proto 1.0-beta3,Apache License 2.0,Place Additional Restrictions,FORBIDDEN,PERMITTED,You are not entitled to place additional restrictions,You intend to place additional restrictions
LEGAL,AOP Alliance (Java/J2EE AOP standard) 1.0,Public Domain,com.springsource.org.apache.axis 1.4.0,Apache License 2.0,Place Additional Restrictions,FORBIDDEN,PERMITTED,You are not entitled to place additional restrictions,You intend to place additional restrictions
LEGAL,AOP Alliance (Java/J2EE AOP standard) 1.0,Public Domain,jolokia-core 1.5.0,Apache License 2.0,Place Additional Restrictions,FORBIDDEN,PERMITTED,You are not entitled to place additional restrictions,You intend to place additional restrictions
LEGAL,AOP Alliance (Java/J2EE AOP standard) 1.0,Public Domain,jolokia-jvm 1.5.0,Apache License 2.0,Place Additional Restrictions,FORBIDDEN,PERMITTED,You are not entitled to place additional restrictions,You intend to place additional restrictions
LEGAL,AOP Alliance (Java/J2EE AOP standard) 1.0,Public Domain,json-simple 1.1.1,Apache License 2.0,Place Additional Restrictions,FORBIDDEN,PERMITTED,You are not entitled to place additional restrictions,You intend to place additional restrictions
LEGAL,Apache ActiveMQ 5.13.5,Apache License 2.0,avro4s-json 1.8.3,MIT License,Place Additional Restrictions,PERMITTED,FORBIDDEN,You intend to place additional restrictions,You are not entitled to place additional restrictions
LEGAL,Apache ActiveMQ 5.13.5,Apache License 2.0,GroupBy - API - Java - Flux 2.5.33,MIT License,Place Additional Restrictions,PERMITTED,FORBIDDEN,You intend to place additional restrictions,You are not entitled to place additional restrictions
LEGAL,Apache ActiveMQ 5.13.5,Apache License 2.0,GroupBy - API - Java - Flux 2.5.34,MIT License,Place Additional Restrictions,PERMITTED,FORBIDDEN,You intend to place additional restrictions,You are not entitled to place additional restrictions
LEGAL,Apache ActiveMQ 5.13.5,Apache License 2.0,LightJason AgentSpeak(L++) 0.0.1,GNU Lesser General Public License v3.0 or later,Sub-License,PERMITTED,FORBIDDEN,You may provide the software or modifications to the software under a different license,You may not provide this software or modifications under a different license
LEGAL,Apache Ant 1.7.1,Apache License 2.0,Mobicents Simple alarm listener :: SimpleAlarmListener-core 8.0.0-129,GNU Affero General Public License v3.0,Sub-License,PERMITTED,FORBIDDEN,You may provide the software or modifications to the software under a different license,You may not provide this software or modifications under a different license
LEGAL,Apache Ant 1.7.1,Apache License 2.0,Mobicents Simple alarm listener :: SimpleAlarmListener-core 8.0.62,GNU Affero General Public License v3.0,Sub-License,PERMITTED,FORBIDDEN,You may provide the software or modifications to the software under a different license,You may not provide this software or modifications under a different license
LEGAL,Apache Extras Companion for log4j 1.2. 1.2.17,Apache License 2.0,avro4s-json 1.8.3,MIT License,Place Additional Restrictions,PERMITTED,FORBIDDEN,You intend to place additional restrictions,You are not entitled to place additional restrictions
LEGAL,Apache Extras Companion for log4j 1.2. 1.2.17,Apache License 2.0,GroupBy - API - Java - Flux 2.5.33,MIT License,Place Additional Restrictions,PERMITTED,FORBIDDEN,You intend to place additional restrictions,You are not entitled to place additional restrictions
LEGAL,Apache Extras Companion for log4j 1.2. 1.2.17,Apache License 2.0,GroupBy - API - Java - Flux 2.5.34,MIT License,Place Additional Restrictions,PERMITTED,FORBIDDEN,You intend to place additional restrictions,You are not entitled to place additional restrictions
LEGAL,Apache Extras Companion for log4j 1.2. 1.2.17,Apache License 2.0,LightJason AgentSpeak(L++) 0.0.1,GNU Lesser General Public License v3.0 or later,Sub-License,PERMITTED,FORBIDDEN,You may provide the software or modifications to the software under a different license,You may not provide this software or modifications under a different license
LEGAL,Apache jclouds :: Azure :: Compute API 2.1.0,Apache License 2.0,avro4s-json 1.8.3,MIT License,Place Additional Restrictions,PERMITTED,FORBIDDEN,You intend to place additional restrictions,You are not entitled to place additional restrictions
LEGAL,Apache jclouds :: Azure :: Compute API 2.1.0,Apache License 2.0,GroupBy - API - Java - Flux 2.5.33,MIT License,Place Additional Restrictions,PERMITTED,FORBIDDEN,You intend to place additional restrictions,You are not entitled to place additional restrictions
LEGAL,Apache jclouds :: Azure :: Compute API 2.1.0,Apache License 2.0,GroupBy - API - Java - Flux 2.5.34,MIT License,Place Additional Restrictions,PERMITTED,FORBIDDEN,You intend to place additional restrictions,You are not entitled to place additional restrictions
LEGAL,Apache jclouds :: Azure :: Compute API 2.1.0,Apache License 2.0,LightJason AgentSpeak(L++) 0.0.1,GNU Lesser General Public License v3.0 or later,Sub-License,PERMITTED,FORBIDDEN,You may provide the software or modifications to the software under a different license,You may not provide this software or modifications under a different license
LEGAL,Apache Tomcat 7.0.52,Apache License 2.0,Mobicents Simple alarm listener :: SimpleAlarmListener-core 8.0.0-129,GNU Affero General Public License v3.0,Sub-License,PERMITTED,FORBIDDEN,You may provide the software or modifications to the software under a different license,You may not provide this software or modifications under a different license
LEGAL,Apache Tomcat 7.0.52,Apache License 2.0,Mobicents Simple alarm listener :: SimpleAlarmListener-core 8.0.62,GNU Affero General Public License v3.0,Sub-License,PERMITTED,FORBIDDEN,You may provide the software or modifications to the software under a different license,You may not provide this software or modifications under a different license
LEGAL,api-capture-info 1.4.0,Apache License 2.0,avro4s-json 1.8.3,MIT License,Place Additional Restrictions,PERMITTED,FORBIDDEN,You intend to place additional restrictions,You are not entitled to place additional restrictions
LEGAL,api-capture-info 1.4.0,Apache License 2.0,GroupBy - API - Java - Flux 2.5.33,MIT License,Place Additional Restrictions,PERMITTED,FORBIDDEN,You intend to place additional restrictions,You are not entitled to place additional restrictions
LEGAL,api-capture-info 1.4.0,Apache License 2.0,GroupBy - API - Java - Flux 2.5.34,MIT License,Place Additional Restrictions,PERMITTED,FORBIDDEN,You intend to place additional restrictions,You are not entitled to place additional restrictions
LEGAL,api-capture-info 1.4.0,Apache License 2.0,LightJason AgentSpeak(L++) 0.0.1,GNU Lesser General Public License v3.0 or later,Sub-License,PERMITTED,FORBIDDEN,You may provide the software or modifications to the software under a different license,You may not provide this software or modifications under a different license
LEGAL,api-capture-info-schemas 1.4.0,Apache License 2.0,avro4s-json 1.8.3,MIT License,Place Additional Restrictions,PERMITTED,FORBIDDEN,You intend to place additional restrictions,You are not entitled to place additional restrictions
LEGAL,api-capture-info-schemas 1.4.0,Apache License 2.0,GroupBy - API - Java - Flux 2.5.33,MIT License,Place Additional Restrictions,PERMITTED,FORBIDDEN,You intend to place additional restrictions,You are not entitled to place additional restrictions
LEGAL,api-capture-info-schemas 1.4.0,Apache License 2.0,GroupBy - API - Java - Flux 2.5.34,MIT License,Place Additional Restrictions,PERMITTED,FORBIDDEN,You intend to place additional restrictions,You are not entitled to place additional restrictions
LEGAL,api-capture-info-schemas 1.4.0,Apache License 2.0,LightJason AgentSpeak(L++) 0.0.1,GNU Lesser General Public License v3.0 or later,Sub-License,PERMITTED,FORBIDDEN,You may provide the software or modifications to the software under a different license,You may not provide this software or modifications under a different license
LEGAL,api-capture-playout 1.0.0,Apache License 2.0,avro4s-json 1.8.3,MIT License,Place Additional Restrictions,PERMITTED,FORBIDDEN,You intend to place additional restrictions,You are not entitled to place additional restrictions
LEGAL,api-capture-playout 1.0.0,Apache License 2.0,GroupBy - API - Java - Flux 2.5.33,MIT License,Place Additional Restrictions,PERMITTED,FORBIDDEN,You intend to place additional restrictions,You are not entitled to place additional restrictions
LEGAL,api-capture-playout 1.0.0,Apache License 2.0,GroupBy - API - Java - Flux 2.5.34,MIT License,Place Additional Restrictions,PERMITTED,FORBIDDEN,You intend to place additional restrictions,You are not entitled to place additional restrictions
LEGAL,api-capture-playout 1.0.0,Apache License 2.0,LightJason AgentSpeak(L++) 0.0.1,GNU Lesser General Public License v3.0 or later,Sub-License,PERMITTED,FORBIDDEN,You may provide the software or modifications to the software under a different license,You may not provide this software or modifications under a different license
LEGAL,api-manager-test 3.0.0-m18,Apache License 2.0,avro4s-json 1.8.3,MIT License,Place Additional Restrictions,PERMITTED,FORBIDDEN,You intend to place additional restrictions,You are not entitled to place additional restrictions
LEGAL,api-manager-test 3.0.0-m18,Apache License 2.0,GroupBy - API - Java - Flux 2.5.33,MIT License,Place Additional Restrictions,PERMITTED,FORBIDDEN,You intend to place additional restrictions,You are not entitled to place additional restrictions
LEGAL,api-manager-test 3.0.0-m18,Apache License 2.0,GroupBy - API - Java - Flux 2.5.34,MIT License,Place Additional Restrictions,PERMITTED,FORBIDDEN,You intend to place additional restrictions,You are not entitled to place additional restrictions
LEGAL,api-manager-test 3.0.0-m18,Apache License 2.0,LightJason AgentSpeak(L++) 0.0.1,GNU Lesser General Public License v3.0 or later,Sub-License,PERMITTED,FORBIDDEN,You may provide the software or modifications to the software under a different license,You may not provide this software or modifications under a different license
LEGAL,arez:extras 0.54,Apache License 2.0,Mobicents Simple alarm listener :: SimpleAlarmListener-core 8.0.0-129,GNU Affero General Public License v3.0,Sub-License,PERMITTED,FORBIDDEN,You may provide the software or modifications to the software under a different license,You may not provide this software or modifications under a different license
LEGAL,arez:extras 0.54,Apache License 2.0,Mobicents Simple alarm listener :: SimpleAlarmListener-core 8.0.62,GNU Affero General Public License v3.0,Sub-License,PERMITTED,FORBIDDEN,You may provide the software or modifications to the software under a different license,You may not provide this software or modifications under a different license
LEGAL,arez:extras 0.55,Apache License 2.0,Mobicents Simple alarm listener :: SimpleAlarmListener-core 8.0.0-129,GNU Affero General Public License v3.0,Sub-License,PERMITTED,FORBIDDEN,You may provide the software or modifications to the software under a different license,You may not provide this software or modifications under a different license
LEGAL,arez:extras 0.55,Apache License 2.0,Mobicents Simple alarm listener :: SimpleAlarmListener-core 8.0.62,GNU Affero General Public License v3.0,Sub-License,PERMITTED,FORBIDDEN,You may provide the software or modifications to the software under a different license,You may not provide this software or modifications under a different license
LEGAL,arez:extras 0.56,Apache License 2.0,Mobicents Simple alarm listener :: SimpleAlarmListener-core 8.0.0-129,GNU Affero General Public License v3.0,Sub-License,PERMITTED,FORBIDDEN,You may provide the software or modifications to the software under a different license,You may not provide this software or modifications under a different license
LEGAL,arez:extras 0.56,Apache License 2.0,Mobicents Simple alarm listener :: SimpleAlarmListener-core 8.0.62,GNU Affero General Public License v3.0,Sub-License,PERMITTED,FORBIDDEN,You may provide the software or modifications to the software under a different license,You may not provide this software or modifications under a different license
LEGAL,arez:extras 0.57,Apache License 2.0,Mobicents Simple alarm listener :: SimpleAlarmListener-core 8.0.0-129,GNU Affero General Public License v3.0,Sub-License,PERMITTED,FORBIDDEN,You may provide the software or modifications to the software under a different license,You may not provide this software or modifications under a different license
LEGAL,arez:extras 0.57,Apache License 2.0,Mobicents Simple alarm listener :: SimpleAlarmListener-core 8.0.62,GNU Affero General Public License v3.0,Sub-License,PERMITTED,FORBIDDEN,You may provide the software or modifications to the software under a different license,You may not provide this software or modifications under a different license
LEGAL,arez:processor 0.54,Apache License 2.0,Mobicents Simple alarm listener :: SimpleAlarmListener-core 8.0.0-129,GNU Affero General Public License v3.0,Sub-License,PERMITTED,FORBIDDEN,You may provide the software or modifications to the software under a different license,You may not provide this software or modifications under a different license
LEGAL,arez:processor 0.54,Apache License 2.0,Mobicents Simple alarm listener :: SimpleAlarmListener-core 8.0.62,GNU Affero General Public License v3.0,Sub-License,PERMITTED,FORBIDDEN,You may provide the software or modifications to the software under a different license,You may not provide this software or modifications under a different license
LEGAL,arez:processor 0.55,Apache License 2.0,Mobicents Simple alarm listener :: SimpleAlarmListener-core 8.0.0-129,GNU Affero General Public License v3.0,Sub-License,PERMITTED,FORBIDDEN,You may provide the software or modifications to the software under a different license,You may not provide this software or modifications under a different license
LEGAL,arez:processor 0.55,Apache License 2.0,Mobicents Simple alarm listener :: SimpleAlarmListener-core 8.0.62,GNU Affero General Public License v3.0,Sub-License,PERMITTED,FORBIDDEN,You may provide the software or modifications to the software under a different license,You may not provide this software or modifications under a different license
LEGAL,arez:processor 0.56,Apache License 2.0,Mobicents Simple alarm listener :: SimpleAlarmListener-core 8.0.0-129,GNU Affero General Public License v3.0,Sub-License,PERMITTED,FORBIDDEN,You may provide the software or modifications to the software under a different license,You may not provide this software or modifications under a different license
LEGAL,arez:processor 0.56,Apache License 2.0,Mobicents Simple alarm listener :: SimpleAlarmListener-core 8.0.62,GNU Affero General Public License v3.0,Sub-License,PERMITTED,FORBIDDEN,You may provide the software or modifications to the software under a different license,You may not provide this software or modifications under a different license
LEGAL,arez:processor 0.57,Apache License 2.0,Mobicents Simple alarm listener :: SimpleAlarmListener-core 8.0.0-129,GNU Affero General Public License v3.0,Sub-License,PERMITTED,FORBIDDEN,You may provide the software or modifications to the software under a different license,You may not provide this software or modifications under a different license
LEGAL,arez:processor 0.57,Apache License 2.0,Mobicents Simple alarm listener :: SimpleAlarmListener-core 8.0.62,GNU Affero General Public License v3.0,Sub-License,PERMITTED,FORBIDDEN,You may provide the software or modifications to the software under a different license,You may not provide this software or modifications under a different license
LEGAL,avro4s-json 1.8.3,MIT License,axion-release-plugin 1.9.0,Apache License 2.0,Place Additional Restrictions,FORBIDDEN,PERMITTED,You are not entitled to place additional restrictions,You intend to place additional restrictions
LEGAL,avro4s-json 1.8.3,MIT License,Axon Framework Spring Support 3.1.3,Apache License 2.0,Place Additional Restrictions,FORBIDDEN,PERMITTED,You are not entitled to place additional restrictions,You intend to place additional restrictions
LEGAL,avro4s-json 1.8.3,MIT License,Axon Metrics 3.1.3,Apache License 2.0,Place Additional Restrictions,FORBIDDEN,PERMITTED,You are not entitled to place additional restrictions,You intend to place additional restrictions
LEGAL,avro4s-json 1.8.3,MIT License,axonhub-grpc-proto 1.0-beta3,Apache License 2.0,Place Additional Restrictions,FORBIDDEN,PERMITTED,You are not entitled to place additional restrictions,You intend to place additional restrictions
LEGAL,avro4s-json 1.8.3,MIT License,com.springsource.org.apache.axis 1.4.0,Apache License 2.0,Place Additional Restrictions,FORBIDDEN,PERMITTED,You are not entitled to place additional restrictions,You intend to place additional restrictions
LEGAL,avro4s-json 1.8.3,MIT License,jolokia-core 1.5.0,Apache License 2.0,Place Additional Restrictions,FORBIDDEN,PERMITTED,You are not entitled to place additional restrictions,You intend to place additional restrictions
LEGAL,avro4s-json 1.8.3,MIT License,jolokia-jvm 1.5.0,Apache License 2.0,Place Additional Restrictions,FORBIDDEN,PERMITTED,You are not entitled to place additional restrictions,You intend to place additional restrictions
LEGAL,avro4s-json 1.8.3,MIT License,json-simple 1.1.1,Apache License 2.0,Place Additional Restrictions,FORBIDDEN,PERMITTED,You are not entitled to place additional restrictions,You intend to place additional restrictions
LEGAL,avro4s-json 1.8.3,MIT License,LightJason AgentSpeak(L++) 0.0.1,GNU Lesser General Public License v3.0 or later,Sub-License,PERMITTED,FORBIDDEN,You may provide the software or modifications to the software under a different license,You may not provide this software or modifications under a different license
LEGAL,axion-release-plugin 1.9.0,Apache License 2.0,GroupBy - API - Java - Flux 2.5.33,MIT License,Place Additional Restrictions,PERMITTED,FORBIDDEN,You intend to place additional restrictions,You are not entitled to place additional restrictions
LEGAL,axion-release-plugin 1.9.0,Apache License 2.0,GroupBy - API - Java - Flux 2.5.34,MIT License,Place Additional Restrictions,PERMITTED,FORBIDDEN,You intend to place additional restrictions,You are not entitled to place additional restrictions
LEGAL,axion-release-plugin 1.9.0,Apache License 2.0,LightJason AgentSpeak(L++) 0.0.1,GNU Lesser General Public License v3.0 or later,Sub-License,PERMITTED,FORBIDDEN,You may provide the software or modifications to the software under a different license,You may not provide this software or modifications under a different license
LEGAL,Axon Framework Spring Support 3.1.3,Apache License 2.0,GroupBy - API - Java - Flux 2.5.33,MIT License,Place Additional Restrictions,PERMITTED,FORBIDDEN,You intend to place additional restrictions,You are not entitled to place additional restrictions
LEGAL,Axon Framework Spring Support 3.1.3,Apache License 2.0,GroupBy - API - Java - Flux 2.5.34,MIT License,Place Additional Restrictions,PERMITTED,FORBIDDEN,You intend to place additional restrictions,You are not entitled to place additional restrictions
LEGAL,Axon Framework Spring Support 3.1.3,Apache License 2.0,LightJason AgentSpeak(L++) 0.0.1,GNU Lesser General Public License v3.0 or later,Sub-License,PERMITTED,FORBIDDEN,You may provide the software or modifications to the software under a different license,You may not provide this software or modifications under a different license
LEGAL,Axon Metrics 3.1.3,Apache License 2.0,GroupBy - API - Java - Flux 2.5.33,MIT License,Place Additional Restrictions,PERMITTED,FORBIDDEN,You intend to place additional restrictions,You are not entitled to place additional restrictions
LEGAL,Axon Metrics 3.1.3,Apache License 2.0,GroupBy - API - Java - Flux 2.5.34,MIT License,Place Additional Restrictions,PERMITTED,FORBIDDEN,You intend to place additional restrictions,You are not entitled to place additional restrictions
LEGAL,Axon Metrics 3.1.3,Apache License 2.0,LightJason AgentSpeak(L++) 0.0.1,GNU Lesser General Public License v3.0 or later,Sub-License,PERMITTED,FORBIDDEN,You may provide the software or modifications to the software under a different license,You may not provide this software or modifications under a different license
LEGAL,axonhub-grpc-proto 1.0-beta3,Apache License 2.0,GroupBy - API - Java - Flux 2.5.33,MIT License,Place Additional Restrictions,PERMITTED,FORBIDDEN,You intend to place additional restrictions,You are not entitled to place additional restrictions
LEGAL,axonhub-grpc-proto 1.0-beta3,Apache License 2.0,GroupBy - API - Java - Flux 2.5.34,MIT License,Place Additional Restrictions,PERMITTED,FORBIDDEN,You intend to place additional restrictions,You are not entitled to place additional restrictions
LEGAL,axonhub-grpc-proto 1.0-beta3,Apache License 2.0,LightJason AgentSpeak(L++) 0.0.1,GNU Lesser General Public License v3.0 or later,Sub-License,PERMITTED,FORBIDDEN,You may provide the software or modifications to the software under a different license,You may not provide this software or modifications under a different license
LEGAL,com.springsource.org.apache.axis 1.4.0,Apache License 2.0,GroupBy - API - Java - Flux 2.5.33,MIT License,Place Additional Restrictions,PERMITTED,FORBIDDEN,You intend to place additional restrictions,You are not entitled to place additional restrictions
LEGAL,com.springsource.org.apache.axis 1.4.0,Apache License 2.0,GroupBy - API - Java - Flux 2.5.34,MIT License,Place Additional Restrictions,PERMITTED,FORBIDDEN,You intend to place additional restrictions,You are not entitled to place additional restrictions
LEGAL,com.springsource.org.apache.axis 1.4.0,Apache License 2.0,LightJason AgentSpeak(L++) 0.0.1,GNU Lesser General Public License v3.0 or later,Sub-License,PERMITTED,FORBIDDEN,You may provide the software or modifications to the software under a different license,You may not provide this software or modifications under a different license
LEGAL,GroupBy - API - Java - Flux 2.5.33,MIT License,jolokia-core 1.5.0,Apache License 2.0,Place Additional Restrictions,FORBIDDEN,PERMITTED,You are not entitled to place additional restrictions,You intend to place additional restrictions
LEGAL,GroupBy - API - Java - Flux 2.5.33,MIT License,jolokia-jvm 1.5.0,Apache License 2.0,Place Additional Restrictions,FORBIDDEN,PERMITTED,You are not entitled to place additional restrictions,You intend to place additional restrictions
LEGAL,GroupBy - API - Java - Flux 2.5.33,MIT License,json-simple 1.1.1,Apache License 2.0,Place Additional Restrictions,FORBIDDEN,PERMITTED,You are not entitled to place additional restrictions,You intend to place additional restrictions
LEGAL,GroupBy - API - Java - Flux 2.5.33,MIT License,LightJason AgentSpeak(L++) 0.0.1,GNU Lesser General Public License v3.0 or later,Sub-License,PERMITTED,FORBIDDEN,You may provide the software or modifications to the software under a different license,You may not provide this software or modifications under a different license
LEGAL,GroupBy - API - Java - Flux 2.5.34,MIT License,jolokia-core 1.5.0,Apache License 2.0,Place Additional Restrictions,FORBIDDEN,PERMITTED,You are not entitled to place additional restrictions,You intend to place additional restrictions
LEGAL,GroupBy - API - Java - Flux 2.5.34,MIT License,jolokia-jvm 1.5.0,Apache License 2.0,Place Additional Restrictions,FORBIDDEN,PERMITTED,You are not entitled to place additional restrictions,You intend to place additional restrictions
LEGAL,GroupBy - API - Java - Flux 2.5.34,MIT License,json-simple 1.1.1,Apache License 2.0,Place Additional Restrictions,FORBIDDEN,PERMITTED,You are not entitled to place additional restrictions,You intend to place additional restrictions
LEGAL,GroupBy - API - Java - Flux 2.5.34,MIT License,LightJason AgentSpeak(L++) 0.0.1,GNU Lesser General Public License v3.0 or later,Sub-License,PERMITTED,FORBIDDEN,You may provide the software or modifications to the software under a different license,You may not provide this software or modifications under a different license
LEGAL,jolokia-core 1.5.0,Apache License 2.0,LightJason AgentSpeak(L++) 0.0.1,GNU Lesser General Public License v3.0 or later,Sub-License,PERMITTED,FORBIDDEN,You may provide the software or modifications to the software under a different license,You may not provide this software or modifications under a different license
LEGAL,jolokia-jvm 1.5.0,Apache License 2.0,LightJason AgentSpeak(L++) 0.0.1,GNU Lesser General Public License v3.0 or later,Sub-License,PERMITTED,FORBIDDEN,You may provide the software or modifications to the software under a different license,You may not provide this software or modifications under a different license
LEGAL,json-simple 1.1.1,Apache License 2.0,LightJason AgentSpeak(L++) 0.0.1,GNU Lesser General Public License v3.0 or later,Sub-License,PERMITTED,FORBIDDEN,You may provide the software or modifications to the software under a different license,You may not provide this software or modifications under a different license
